date,city,temperature_c,humidity_percent,electricity_units_kwh,household_size,income_level,power_outage_hours
2022-01-01,3,26.9,88,26.65,3,1,3.32
2022-01-02,4,31.4,85,25.32,3,0,1.26
2022-01-03,0,37.5,51,23.4,7,1,2.51
2022-01-04,4,22.8,65,20.51,4,0,2.47
2022-01-05,4,30.9,63,29.2,7,2,0.32
2022-01-06,2,25.1,59,22.84,5,2,0.18
2022-01-07,0,38.4,54,10.2,2,1,1.92
2022-01-08,0,19.3,74,15.3,4,2,0.26
2022-01-09,0,26.1,57,20.88,6,2,2.85
2022-01-10,4,32.6,30,23.86,8,1,1.94
2022-01-11,3,41.0,78,21.66,5,2,2.77
2022-01-12,0,29.5,74,29.31,4,1,0.53
2022-01-13,4,26.1,33,10.29,8,0,0.57
2022-01-14,2,43.2,36,22.86,8,0,1.67
2022-01-15,3,19.9,78,11.09,2,0,0.05
2022-01-16,2,14.6,38,26.56,3,1,1.94
2022-01-17,3,33.1,65,21.43,6,1,2.71
2022-01-18,4,26.5,48,24.52,7,2,0.8
2022-01-19,1,22.9,30,16.82,2,2,2.17
2022-01-20,3,35.0,39,29.68,5,2,0.29
2022-01-21,2,31.7,65,28.25,8,2,0.58
2022-01-22,4,26.1,38,25.5,5,2,5.49
2022-01-23,3,21.0,74,21.22,8,1,6.44
2022-01-24,1,36.1,75,25.48,3,1,1.08
2022-01-25,1,34.6,71,17.76,3,0,4.08
2022-01-26,0,29.3,61,27.13,6,0,1.11
2022-01-27,0,42.9,61,31.9,7,0,0.52
2022-01-28,2,22.5,35,28.42,6,0,0.47
2022-01-29,3,19.3,77,17.62,3,1,3.98
2022-01-30,3,25.2,67,24.17,3,1,0.28
2022-01-31,0,29.7,46,14.24,5,1,1.3
2022-02-01,3,31.7,39,25.43,3,2,1.22
2022-02-02,3,28.3,79,24.7,4,2,2.02
2022-02-03,1,32.5,56,10.78,8,0,1.04
2022-02-04,0,21.2,83,15.03,2,2,0.48
2022-02-05,4,40.1,79,20.3,3,1,0.28
2022-02-06,0,29.4,64,20.19,6,0,1.45
2022-02-07,4,37.8,81,14.74,7,0,1.9
2022-02-08,1,32.4,88,24.33,8,2,1.26
2022-02-09,2,33.2,50,23.51,8,0,2.01
2022-02-10,3,34.0,54,20.83,7,2,0.23
2022-02-11,1,33.1,57,17.47,7,2,3.21
2022-02-12,3,34.5,76,28.29,8,0,1.31
2022-02-13,2,39.3,44,31.93,4,2,0.2
2022-02-14,2,31.4,33,19.1,6,2,0.93
2022-02-15,1,35.0,58,18.33,4,2,2.79
2022-02-16,2,29.4,88,24.95,3,2,3.42
2022-02-17,4,40.1,38,19.85,2,0,0.46
2022-02-18,2,25.3,56,21.16,7,1,1.86
2022-02-19,3,42.6,55,26.44,6,1,0.16
2022-02-20,3,29.7,48,10.54,7,2,0.05
2022-02-21,3,20.0,85,29.91,4,2,1.23
2022-02-22,3,30.9,57,22.44,5,2,1.78
2022-02-23,4,25.2,46,19.53,3,1,2.38
2022-02-24,0,35.9,72,21.46,2,2,0.62
2022-02-25,1,25.4,86,21.77,3,0,0.01
2022-02-26,3,26.9,70,11.61,5,0,0.98
2022-02-27,2,16.8,71,30.97,2,0,0.02
2022-02-28,3,26.8,79,22.25,5,1,0.14
2022-03-01,2,13.0,49,24.66,3,2,0.59
2022-03-02,2,18.9,74,27.71,4,2,0.86
2022-03-03,3,35.3,69,15.87,8,2,0.49
2022-03-04,4,35.5,68,24.84,3,1,1.31
2022-03-05,2,33.0,78,20.39,3,1,0.09
2022-03-06,2,23.2,82,27.08,3,1,0.23
2022-03-07,3,29.7,52,9.24,6,1,1.78
2022-03-08,2,30.0,76,21.41,5,0,0.23
2022-03-09,2,21.9,61,18.38,5,1,1.53
2022-03-10,3,40.5,81,24.59,7,1,0.08
2022-03-11,3,36.1,76,24.82,5,1,0.78
2022-03-12,1,28.5,62,17.75,7,2,0.29
2022-03-13,4,30.2,86,17.73,6,2,0.17
2022-03-14,4,31.5,75,21.34,4,2,1.26
2022-03-15,2,15.7,34,16.62,7,0,3.95
2022-03-16,4,28.3,72,27.05,3,0,0.08
2022-03-17,2,25.2,77,19.78,4,1,0.82
2022-03-18,1,23.0,63,4.56,8,2,1.84
2022-03-19,3,28.0,69,19.75,6,0,0.93
2022-03-20,3,42.6,40,15.77,5,2,2.46
2022-03-21,3,34.5,79,12.21,7,0,0.3
2022-03-22,4,26.0,32,14.58,3,0,4.81
2022-03-23,1,34.0,87,22.66,2,1,0.73
2022-03-24,4,39.8,62,29.97,8,1,0.63
2022-03-25,4,36.5,40,23.88,2,0,3.11
2022-03-26,1,30.4,45,18.36,4,1,1.24
2022-03-27,1,25.5,47,24.74,5,0,1.09
2022-03-28,1,34.9,59,19.25,2,0,1.95
2022-03-29,1,32.8,77,17.83,4,2,1.3
2022-03-30,3,36.3,84,15.07,6,1,0.27
2022-03-31,0,34.4,39,11.49,4,1,1.68
2022-04-01,0,37.3,47,19.66,8,1,0.21
2022-04-02,1,26.3,67,22.95,4,2,2.46
2022-04-03,0,39.2,48,21.42,8,2,6.87
2022-04-04,0,31.4,65,19.5,4,2,0.71
2022-04-05,1,44.5,88,16.33,3,1,0.88
2022-04-06,0,25.2,42,25.65,4,1,0.07
2022-04-07,4,42.2,85,14.1,7,1,0.02
2022-04-08,2,31.4,75,26.66,4,2,3.82
2022-04-09,2,25.4,32,15.99,3,2,0.21
2022-04-10,1,26.6,39,17.49,3,0,0.89
2022-04-11,3,27.8,67,13.2,6,2,2.53
2022-04-12,1,33.0,30,18.99,8,0,3.3
2022-04-13,3,33.7,84,27.85,5,1,1.1
2022-04-14,2,26.0,85,25.09,2,2,1.25
2022-04-15,1,29.8,56,27.87,2,1,1.66
2022-04-16,4,45.0,75,25.13,4,1,4.88
2022-04-17,0,42.1,37,15.38,6,1,1.38
2022-04-18,3,33.1,80,20.02,4,1,1.23
2022-04-19,0,30.3,75,17.32,2,2,0.02
2022-04-20,0,30.8,71,29.98,8,1,0.13
2022-04-21,1,34.3,46,14.82,8,0,1.29
2022-04-22,0,22.8,38,27.36,8,2,4.13
2022-04-23,4,28.2,35,27.36,3,1,3.02
2022-04-24,0,18.3,72,32.98,5,2,6.08
2022-04-25,1,32.8,54,19.54,6,0,1.13
2022-04-26,4,34.5,68,26.27,3,1,2.33
2022-04-27,2,26.6,78,35.69,5,0,2.75
2022-04-28,0,41.0,89,18.29,6,1,1.57
2022-04-29,1,21.4,57,12.79,6,0,0.62
2022-04-30,2,19.7,62,10.72,2,1,0.95
2022-05-01,2,31.6,83,26.28,3,2,2.93
2022-05-02,3,37.3,66,10.7,6,1,0.53
2022-05-03,4,41.8,38,19.77,7,2,3.86
2022-05-04,0,26.8,47,24.62,8,1,0.39
2022-05-05,1,37.6,85,23.11,6,1,2.08
2022-05-06,3,29.7,88,24.55,5,0,1.49
2022-05-07,4,28.8,50,23.33,2,0,2.08
2022-05-08,3,36.2,31,29.67,4,0,0.86
2022-05-09,4,34.6,87,16.29,8,1,4.05
2022-05-10,4,19.0,72,17.94,2,1,1.5
2022-05-11,0,40.3,88,17.36,4,1,0.51
2022-05-12,4,39.7,89,26.98,3,2,1.53
2022-05-13,3,25.6,67,27.4,3,2,0.51
2022-05-14,4,32.8,87,24.71,6,1,0.52
2022-05-15,0,33.5,69,29.1,7,0,0.77
2022-05-16,0,31.8,65,14.93,3,0,2.87
2022-05-17,3,26.1,79,32.0,6,0,1.04
2022-05-18,2,25.3,89,31.14,8,1,1.7
2022-05-19,2,29.8,72,26.41,2,0,0.75
2022-05-20,4,38.2,66,32.69,3,1,0.46
2022-05-21,1,33.8,44,12.06,2,2,4.64
2022-05-22,4,27.4,57,18.85,2,0,1.39
2022-05-23,3,35.4,47,17.59,7,2,4.08
2022-05-24,3,10.1,63,26.33,3,0,0.34
2022-05-25,3,38.0,51,15.7,2,1,0.24
2022-05-26,3,17.8,40,26.54,7,1,2.91
2022-05-27,3,27.5,87,30.22,7,1,1.71
2022-05-28,0,22.2,86,26.17,3,1,0.31
2022-05-29,2,20.9,42,23.7,7,0,0.47
2022-05-30,3,38.1,33,16.07,3,2,2.42
2022-05-31,1,26.7,51,16.92,3,1,0.91
2022-06-01,1,32.4,36,29.5,4,0,1.67
2022-06-02,1,29.7,72,26.68,2,2,0.57
2022-06-03,1,33.3,83,21.77,5,1,0.72
2022-06-04,0,30.5,53,19.49,3,2,7.02
2022-06-05,1,21.0,33,9.85,2,1,0.43
2022-06-06,3,37.0,57,15.57,8,2,1.06
2022-06-07,4,26.5,44,33.47,7,2,2.79
2022-06-08,1,19.1,30,14.32,6,1,0.41
2022-06-09,0,27.0,84,23.14,3,0,0.8
2022-06-10,0,40.5,32,28.04,7,2,1.43
2022-06-11,1,36.0,43,14.47,7,1,0.98
2022-06-12,4,27.6,67,23.11,7,2,0.92
2022-06-13,1,27.6,79,27.63,7,2,0.68
2022-06-14,0,27.7,86,22.07,7,0,1.33
2022-06-15,2,44.5,30,39.21,3,2,1.47
2022-06-16,3,32.7,67,11.99,8,2,1.59
2022-06-17,0,33.0,67,28.35,5,1,0.11
2022-06-18,1,37.2,50,20.96,4,1,1.5
2022-06-19,3,31.7,77,26.63,7,0,4.59
2022-06-20,1,28.2,58,24.65,7,2,1.17
2022-06-21,1,28.6,34,17.6,4,2,1.88
2022-06-22,2,29.5,78,23.37,8,2,1.22
2022-06-23,3,29.7,39,10.85,8,0,2.89
2022-06-24,3,35.1,57,25.62,3,2,3.98
2022-06-25,2,30.4,50,23.79,2,1,0.31
2022-06-26,0,35.1,79,25.83,6,0,0.86
2022-06-27,1,29.4,36,28.35,6,1,0.75
2022-06-28,4,30.6,32,24.21,2,1,0.78
2022-06-29,1,16.0,74,22.89,3,0,0.2
2022-06-30,1,36.4,76,16.71,6,1,2.52
2022-07-01,0,32.4,49,17.73,8,2,0.05
2022-07-02,1,37.0,48,29.12,4,0,1.13
2022-07-03,2,9.7,64,30.62,2,1,1.63
2022-07-04,2,44.6,33,20.57,8,2,0.35
2022-07-05,3,29.0,34,22.28,5,2,3.54
2022-07-06,4,37.8,30,16.57,3,1,2.74
2022-07-07,1,22.7,33,29.04,2,2,0.96
2022-07-08,1,34.3,41,25.99,6,0,0.79
2022-07-09,0,22.6,89,33.65,3,1,0.4
2022-07-10,2,25.6,56,16.73,4,2,1.96
2022-07-11,4,43.4,85,19.73,3,2,0.21
2022-07-12,3,28.7,71,23.39,3,1,1.71
2022-07-13,2,31.5,52,25.88,4,1,2.77
2022-07-14,3,36.1,54,20.71,7,1,0.39
2022-07-15,0,33.5,50,16.76,4,1,3.02
2022-07-16,0,31.1,87,27.29,8,0,0.05
2022-07-17,1,32.6,81,26.33,3,1,3.66
2022-07-18,4,46.8,53,16.5,4,0,0.19
2022-07-19,3,29.6,54,30.13,7,0,1.56
2022-07-20,2,31.4,74,29.02,8,1,0.43
2022-07-21,0,37.4,84,22.81,2,0,2.72
2022-07-22,1,37.7,75,22.48,4,1,1.08
2022-07-23,1,38.3,61,25.32,4,1,0.22
2022-07-24,3,34.5,84,16.83,3,2,1.27
2022-07-25,0,22.0,61,22.18,8,1,0.79
2022-07-26,4,41.4,34,9.09,2,2,1.62
2022-07-27,0,22.0,65,27.26,5,0,3.2
2022-07-28,3,32.1,75,12.63,5,2,0.79
2022-07-29,3,24.7,71,31.02,6,0,0.51
2022-07-30,0,29.6,78,20.02,4,1,0.02
2022-07-31,3,32.3,71,20.73,4,0,1.28
2022-08-01,0,32.2,87,18.23,2,0,0.77
2022-08-02,2,33.0,68,20.27,7,1,0.7
2022-08-03,0,41.3,45,30.51,5,0,0.3
2022-08-04,0,33.2,62,7.07,6,1,0.84
2022-08-05,3,28.3,78,29.66,2,2,6.24
2022-08-06,3,36.7,50,24.03,4,1,0.53
2022-08-07,1,38.3,38,14.76,5,1,1.37
2022-08-08,1,21.4,35,15.55,8,0,2.25
2022-08-09,2,34.2,80,32.06,6,2,2.07
2022-08-10,1,34.9,74,16.33,3,1,0.6
2022-08-11,0,27.9,64,15.08,5,2,1.42
2022-08-12,3,39.6,68,28.82,6,2,3.07
2022-08-13,1,28.9,51,24.03,2,0,0.02
2022-08-14,1,30.9,70,16.37,3,1,0.86
2022-08-15,2,28.8,83,23.3,6,0,0.38
2022-08-16,2,30.1,34,15.85,6,1,0.74
2022-08-17,0,22.3,71,28.6,4,2,0.81
2022-08-18,3,19.9,52,28.37,7,1,2.06
2022-08-19,2,41.2,46,25.19,5,1,0.15
2022-08-20,1,24.1,41,24.17,4,2,1.08
2022-08-21,3,23.1,52,32.57,8,2,1.25
2022-08-22,3,14.9,45,22.0,3,1,1.02
2022-08-23,1,25.5,32,14.91,7,0,1.97
2022-08-24,2,20.7,59,24.7,6,1,0.73
2022-08-25,1,41.5,86,34.52,4,2,4.35
2022-08-26,3,37.1,51,15.91,7,0,0.99
2022-08-27,4,25.2,38,19.83,8,2,1.27
2022-08-28,4,45.8,58,24.5,5,2,2.62
2022-08-29,0,36.9,76,21.68,8,0,0.48
2022-08-30,1,27.7,66,16.11,3,2,0.12
2022-08-31,1,12.5,52,28.73,2,2,1.85
2022-09-01,0,46.0,42,35.92,4,2,0.99
2022-09-02,0,20.3,61,23.18,3,2,3.4
2022-09-03,0,18.5,75,16.58,2,2,6.08
2022-09-04,3,37.2,81,12.71,4,2,0.76
2022-09-05,1,47.1,76,23.55,3,2,0.81
2022-09-06,3,39.7,77,28.62,8,2,0.79
2022-09-07,0,33.9,52,24.85,3,2,0.59
2022-09-08,1,34.2,74,21.99,7,1,2.28
2022-09-09,3,36.0,46,18.46,8,1,2.13
2022-09-10,3,35.3,84,15.45,4,2,0.98
2022-09-11,0,32.0,69,27.01,3,1,0.07
2022-09-12,1,30.7,50,27.48,6,0,0.56
2022-09-13,0,29.6,31,12.73,4,1,0.52
2022-09-14,1,24.7,66,31.54,3,2,2.5
2022-09-15,4,28.0,35,25.44,7,2,0.14
2022-09-16,2,18.1,73,30.4,2,1,2.46
2022-09-17,2,29.3,47,13.95,2,2,1.66
2022-09-18,2,23.1,59,13.81,6,0,1.98
2022-09-19,0,22.3,51,21.11,4,0,0.85
2022-09-20,4,31.3,83,25.02,7,2,1.71
2022-09-21,1,39.7,62,32.78,3,0,1.41
2022-09-22,3,36.4,59,26.24,3,0,2.2
2022-09-23,1,19.0,46,20.54,2,1,0.89
2022-09-24,3,23.1,72,15.84,7,0,0.96
2022-09-25,1,36.6,61,29.38,8,1,1.55
2022-09-26,4,23.1,71,16.21,6,2,0.17
2022-09-27,3,28.4,80,31.77,2,1,0.86
2022-09-28,0,33.9,43,20.29,2,2,5.36
2022-09-29,1,23.2,87,31.54,6,2,0.06
2022-09-30,1,30.7,39,26.07,4,2,0.57
2022-10-01,3,20.7,76,21.18,3,2,0.57
2022-10-02,0,25.8,89,18.88,4,2,1.51
2022-10-03,0,32.2,80,19.95,7,1,0.17
2022-10-04,4,18.8,65,24.57,8,2,1.49
2022-10-05,0,33.1,63,22.46,5,0,0.15
2022-10-06,0,29.9,38,18.44,5,0,0.15
2022-10-07,0,33.9,71,21.01,5,2,1.95
2022-10-08,2,31.6,57,22.47,6,0,0.59
2022-10-09,4,39.5,40,9.23,2,1,5.69
2022-10-10,1,30.9,43,24.75,8,1,0.06
2022-10-11,3,27.0,68,16.12,4,2,0.88
2022-10-12,1,30.9,84,15.08,3,2,0.18
2022-10-13,4,33.8,76,11.88,5,2,0.65
2022-10-14,3,30.3,83,11.24,4,0,9.5
2022-10-15,4,30.3,48,13.87,5,0,3.3
2022-10-16,0,25.1,83,17.75,8,1,0.07
2022-10-17,3,25.4,44,33.72,5,0,1.24
2022-10-18,0,20.2,57,18.84,3,1,1.57
2022-10-19,1,42.2,53,23.07,7,0,0.35
2022-10-20,1,21.3,37,24.4,7,1,0.24
2022-10-21,3,25.1,72,22.79,8,2,3.52
2022-10-22,3,25.0,38,21.54,7,0,5.2
2022-10-23,4,36.3,76,14.83,6,1,7.22
2022-10-24,4,27.9,62,30.71,2,0,2.34
2022-10-25,0,38.7,62,32.84,6,2,1.63
2022-10-26,3,25.3,48,11.9,4,1,0.64
2022-10-27,1,32.0,32,15.86,6,0,0.28
2022-10-28,4,24.2,39,20.32,4,0,0.12
2022-10-29,4,45.0,69,16.21,4,2,1.77
2022-10-30,1,21.7,76,25.04,2,2,2.3
2022-10-31,4,32.2,71,17.63,3,1,2.63
2022-11-01,0,34.4,30,34.99,8,0,3.68
2022-11-02,3,32.9,58,29.14,2,0,3.18
2022-11-03,1,28.7,79,23.28,8,2,12.39
2022-11-04,3,29.1,63,28.16,7,2,0.42
2022-11-05,4,30.3,80,28.64,7,1,2.16
2022-11-06,4,29.0,42,18.62,6,0,1.32
2022-11-07,1,36.7,83,17.1,4,0,0.45
2022-11-08,0,45.5,30,22.47,5,1,6.02
2022-11-09,2,26.1,63,27.17,5,1,3.42
2022-11-10,1,20.4,58,22.83,8,2,0.21
2022-11-11,2,29.4,77,12.54,4,2,0.04
2022-11-12,2,48.1,76,17.18,8,1,1.75
2022-11-13,0,24.4,42,21.56,2,1,1.39
2022-11-14,2,41.5,77,21.55,3,0,4.12
2022-11-15,2,41.7,78,33.84,2,1,0.4
2022-11-16,0,26.1,82,13.68,4,1,0.13
2022-11-17,2,34.0,58,25.03,4,0,0.45
2022-11-18,2,41.4,68,30.93,3,1,0.03
2022-11-19,2,27.3,53,35.63,8,2,0.05
2022-11-20,1,28.6,55,19.57,6,2,3.7
2022-11-21,1,25.9,46,24.95,6,0,0.65
2022-11-22,1,22.9,36,25.42,3,1,0.79
2022-11-23,0,25.5,42,23.17,6,2,0.03
2022-11-24,4,21.4,34,21.41,5,2,0.47
2022-11-25,2,30.2,55,24.62,6,2,2.45
2022-11-26,2,24.6,78,6.81,6,2,1.43
2022-11-27,0,31.6,32,26.09,6,1,2.1
2022-11-28,2,19.1,36,22.76,5,1,0.89
2022-11-29,1,32.3,87,20.67,8,1,0.56
2022-11-30,4,35.8,78,34.28,6,1,0.99
2022-12-01,3,16.0,68,17.95,7,2,0.59
2022-12-02,2,32.6,82,19.58,5,0,2.74
2022-12-03,1,38.6,30,33.95,3,0,0.53
2022-12-04,3,21.5,78,17.01,2,2,1.62
2022-12-05,4,41.7,46,18.7,3,2,0.22
2022-12-06,3,32.9,72,21.12,2,0,1.74
2022-12-07,1,25.1,54,27.04,3,0,3.67
2022-12-08,3,29.6,88,23.25,7,2,1.41
2022-12-09,0,33.9,32,14.24,2,2,1.23
2022-12-10,3,30.5,44,18.81,2,1,4.87
2022-12-11,2,33.8,58,18.36,4,1,1.48
2022-12-12,2,23.6,82,21.54,2,0,0.45
2022-12-13,0,31.2,72,24.56,2,2,0.52
2022-12-14,1,20.1,61,24.51,4,0,1.83
2022-12-15,2,29.2,55,11.34,6,1,1.99
2022-12-16,4,23.7,89,28.38,6,1,0.54
2022-12-17,2,24.9,45,23.52,4,0,0.64
2022-12-18,2,38.7,54,30.31,5,1,7.08
2022-12-19,1,37.6,83,24.67,2,2,0.16
2022-12-20,3,34.3,57,28.61,2,0,0.78
2022-12-21,2,22.4,38,24.8,4,2,0.1
2022-12-22,0,27.8,85,30.08,4,2,2.58
2022-12-23,3,38.5,85,25.13,5,1,0.15
2022-12-24,4,31.0,30,21.41,7,2,1.68
2022-12-25,1,46.2,58,35.63,6,0,0.09
2022-12-26,4,32.8,86,27.33,3,2,1.68
2022-12-27,3,31.3,51,25.44,7,2,2.78
2022-12-28,3,27.8,45,14.34,8,2,0.76
2022-12-29,3,30.9,70,14.27,6,2,1.11
2022-12-30,4,28.9,80,23.76,2,2,0.77
2022-12-31,3,35.0,73,22.87,8,1,0.54
2023-01-01,4,36.7,80,18.32,7,0,2.44
2023-01-02,3,24.5,83,22.85,4,1,0.48
2023-01-03,0,20.7,70,31.53,5,0,1.93
2023-01-04,3,17.1,36,26.17,6,0,0.35
2023-01-05,4,33.6,43,15.15,5,0,0.43
2023-01-06,2,22.3,58,21.33,8,0,0.62
2023-01-07,3,14.9,48,17.17,6,0,1.33
2023-01-08,2,32.7,48,19.67,7,2,0.91
2023-01-09,0,47.5,31,19.52,2,1,2.05
2023-01-10,1,30.0,70,19.13,3,1,0.36
2023-01-11,0,35.9,74,14.47,5,2,0.02
2023-01-12,3,30.6,44,21.23,5,0,2.25
2023-01-13,2,29.3,32,18.64,3,1,2.59
2023-01-14,2,36.4,40,4.42,5,2,0.09
2023-01-15,4,28.0,82,34.32,5,2,1.42
2023-01-16,2,31.9,75,28.53,6,1,0.71
2023-01-17,4,32.3,59,19.74,6,1,2.37
2023-01-18,1,25.3,86,22.11,3,0,3.11
2023-01-19,3,36.9,69,14.97,8,0,2.86
2023-01-20,4,28.8,47,32.17,2,1,2.25
2023-01-21,1,24.7,80,33.38,7,0,0.47
2023-01-22,2,33.8,77,22.94,7,2,2.51
2023-01-23,2,23.7,31,28.14,8,0,1.14
2023-01-24,1,30.2,61,23.05,5,0,0.08
2023-01-25,2,29.9,37,13.98,2,2,0.92
2023-01-26,1,37.6,51,19.53,3,0,4.28
2023-01-27,4,33.3,35,22.79,8,2,3.28
2023-01-28,4,29.8,41,19.27,3,0,0.16
2023-01-29,1,35.7,76,20.69,6,1,2.04
2023-01-30,4,39.7,86,21.45,5,0,2.46
2023-01-31,4,33.9,69,21.51,4,1,0.47
2023-02-01,4,30.1,65,22.31,3,1,0.96
2023-02-02,0,20.8,44,15.64,8,1,1.86
2023-02-03,3,22.5,57,17.7,5,1,0.87
2023-02-04,2,27.9,81,14.29,2,1,0.18
2023-02-05,0,25.7,86,27.87,8,2,1.84
2023-02-06,4,28.7,78,9.37,6,2,3.64
2023-02-07,1,30.4,74,28.92,7,2,1.59
2023-02-08,4,33.7,47,30.32,2,1,2.23
2023-02-09,3,29.5,31,20.19,3,0,0.67
2023-02-10,4,33.4,42,6.38,3,2,0.3
2023-02-11,1,30.5,74,19.83,2,0,1.54
2023-02-12,3,16.2,83,21.61,3,0,0.6
2023-02-13,4,23.4,44,15.94,8,1,2.95
2023-02-14,3,29.0,49,18.91,5,1,0.2
2023-02-15,2,21.5,58,31.18,3,1,0.85
2023-02-16,2,34.2,88,25.99,6,2,0.76
2023-02-17,4,40.7,71,16.45,5,1,4.17
2023-02-18,3,38.5,58,12.41,8,2,0.25
2023-02-19,1,28.5,32,20.04,4,2,0.01
2023-02-20,4,40.4,48,20.72,3,2,0.41
2023-02-21,2,31.0,32,24.98,3,2,2.57
2023-02-22,2,27.6,83,18.79,6,1,0.35
2023-02-23,4,25.7,43,25.07,8,2,0.41
2023-02-24,3,27.9,69,33.61,6,1,0.21
2023-02-25,2,27.3,88,26.89,7,1,1.89
2023-02-26,3,31.2,84,21.71,8,2,0.11
2023-02-27,2,31.1,33,20.9,2,1,0.6
2023-02-28,2,30.0,88,19.86,2,0,0.5
2023-03-01,0,33.1,89,29.08,2,1,1.22
2023-03-02,2,38.3,81,18.24,6,1,1.97
2023-03-03,1,36.6,40,22.27,2,2,1.14
2023-03-04,4,19.6,87,22.31,8,2,4.01
2023-03-05,4,12.1,60,18.99,2,1,4.54
2023-03-06,3,36.5,72,13.77,4,2,0.67
2023-03-07,2,20.4,61,23.94,2,0,2.26
2023-03-08,1,28.4,56,21.63,3,0,2.01
2023-03-09,3,21.8,59,25.0,7,2,3.35
2023-03-10,0,17.4,72,18.8,6,1,0.89
2023-03-11,3,33.8,31,29.32,5,0,1.13
2023-03-12,3,35.3,78,16.74,7,0,0.81
2023-03-13,2,26.0,38,32.27,4,1,2.85
2023-03-14,0,11.9,57,11.51,6,2,0.39
2023-03-15,3,26.2,60,24.61,8,0,0.41
2023-03-16,1,32.7,89,24.85,6,1,0.7
2023-03-17,1,19.6,63,17.23,3,1,0.39
2023-03-18,4,31.3,85,24.55,8,0,1.23
2023-03-19,0,29.9,44,29.68,7,2,0.22
2023-03-20,0,34.1,77,8.7,7,0,0.58
2023-03-21,4,30.8,54,25.02,2,1,3.67
2023-03-22,3,23.2,65,7.04,8,0,0.79
2023-03-23,0,38.4,37,16.21,3,2,2.07
2023-03-24,1,28.9,38,31.77,2,1,0.18
2023-03-25,1,29.8,87,18.51,2,2,0.43
2023-03-26,2,23.5,87,14.96,6,0,2.47
2023-03-27,0,26.9,66,20.81,7,0,2.16
2023-03-28,3,23.8,77,34.41,2,2,0.73
2023-03-29,4,28.8,74,11.01,4,0,4.63
2023-03-30,4,42.0,68,15.69,4,2,3.62
2023-03-31,3,20.4,61,30.98,7,0,4.92
2023-04-01,2,18.7,87,33.15,4,2,0.84
2023-04-02,4,40.3,81,21.38,6,2,0.33
2023-04-03,0,28.5,46,14.57,3,1,1.48
2023-04-04,2,25.3,64,34.58,5,1,1.73
2023-04-05,0,37.3,66,31.57,2,2,0.2
2023-04-06,1,25.8,48,26.07,5,0,2.32
2023-04-07,2,42.8,73,17.13,3,0,0.03
2023-04-08,4,34.7,58,21.71,3,0,0.99
2023-04-09,2,26.6,88,21.04,6,2,0.6
2023-04-10,2,45.1,36,23.99,4,2,2.02
2023-04-11,2,25.8,57,30.71,4,2,0.56
2023-04-12,2,35.2,38,27.28,3,2,2.63
2023-04-13,0,32.1,57,15.54,6,1,1.36
2023-04-14,1,39.1,35,30.26,6,2,2.37
2023-04-15,3,40.9,58,23.88,7,0,6.81
2023-04-16,2,30.2,87,26.12,8,1,1.71
2023-04-17,4,24.7,46,30.8,2,0,6.29
2023-04-18,2,33.2,45,15.33,8,2,0.04
2023-04-19,4,25.3,52,21.79,4,1,0.62
2023-04-20,0,44.1,60,18.81,3,2,0.17
2023-04-21,4,31.0,32,12.59,7,1,0.46
2023-04-22,3,27.4,50,24.08,5,0,2.74
2023-04-23,1,31.3,55,37.07,4,2,0.05
2023-04-24,4,20.6,65,10.96,2,2,1.1
2023-04-25,4,23.2,71,21.81,6,1,1.26
2023-04-26,1,38.4,66,25.84,3,1,1.24
2023-04-27,3,25.4,82,22.74,4,2,0.97
2023-04-28,2,22.7,51,21.32,5,1,2.35
2023-04-29,4,33.8,71,14.2,2,2,0.22
2023-04-30,1,38.3,41,23.4,2,1,0.56
2023-05-01,0,35.0,71,17.46,7,0,1.43
2023-05-02,1,37.0,42,8.86,4,1,1.76
2023-05-03,0,24.7,40,29.17,5,0,0.78
2023-05-04,3,20.0,83,27.75,2,1,3.12
2023-05-05,2,40.5,45,22.31,3,1,0.81
2023-05-06,1,27.7,37,23.37,2,2,0.77
2023-05-07,4,28.2,69,28.45,5,1,0.06
2023-05-08,3,39.3,88,23.35,6,1,1.2
2023-05-09,1,33.9,86,27.42,6,0,1.85
2023-05-10,4,33.2,69,20.22,7,1,0.18
2023-05-11,1,45.2,74,29.87,4,2,0.55
2023-05-12,0,25.5,88,23.92,5,0,2.28
2023-05-13,1,36.5,31,23.16,7,2,0.68
2023-05-14,1,30.4,59,14.38,8,2,0.41
2023-05-15,1,31.9,59,23.72,2,2,1.67
2023-05-16,3,40.7,41,17.01,8,2,0.33
2023-05-17,1,33.6,39,18.17,2,0,3.39
2023-05-18,4,33.8,73,17.11,6,1,0.17
2023-05-19,0,37.5,40,15.6,7,2,1.84
2023-05-20,0,27.4,44,34.75,6,0,1.04
2023-05-21,1,24.1,45,29.99,3,2,3.06
2023-05-22,3,22.7,46,33.52,8,1,0.2
2023-05-23,3,16.2,55,14.66,8,0,1.7
2023-05-24,4,44.4,31,22.43,6,0,1.27
2023-05-25,1,22.3,79,14.24,3,1,0.98
2023-05-26,0,28.5,41,17.83,2,0,1.01
2023-05-27,3,28.1,80,16.49,7,1,1.92
2023-05-28,1,32.2,55,29.44,3,0,4.16
2023-05-29,3,35.7,52,19.62,7,0,0.14
2023-05-30,3,36.0,47,28.41,8,1,0.03
2023-05-31,0,25.9,61,25.62,7,1,2.46
2023-06-01,2,28.8,78,35.82,8,0,0.17
2023-06-02,4,32.0,67,13.12,3,0,6.48
2023-06-03,4,28.3,86,29.56,8,1,1.45
2023-06-04,0,41.3,76,28.88,4,1,1.58
2023-06-05,3,33.4,32,16.16,8,0,0.33
2023-06-06,1,35.1,67,28.04,6,0,0.41
2023-06-07,3,34.6,32,24.02,3,0,1.62
2023-06-08,0,38.2,59,20.64,2,1,3.61
2023-06-09,4,31.3,30,17.06,7,0,6.06
2023-06-10,3,20.9,59,17.69,5,2,0.33
2023-06-11,4,32.8,74,34.3,3,1,0.22
2023-06-12,1,25.4,61,22.0,6,0,0.09
2023-06-13,4,26.3,57,26.69,8,1,3.04
2023-06-14,4,34.1,50,17.25,7,2,0.52
2023-06-15,2,38.7,87,17.32,4,1,0.0
2023-06-16,2,30.1,75,28.49,2,0,0.38
2023-06-17,2,32.2,42,13.9,4,2,0.62
2023-06-18,4,41.9,56,19.51,5,2,7.06
2023-06-19,0,31.7,65,22.2,3,0,1.11
2023-06-20,4,48.2,36,22.67,7,0,0.34
2023-06-21,0,34.0,51,20.93,3,0,0.61
2023-06-22,0,17.7,39,24.37,6,1,0.6
2023-06-23,2,35.3,68,26.16,3,1,0.03
2023-06-24,3,32.7,82,26.41,2,1,0.22
2023-06-25,1,39.0,44,16.09,5,0,1.78
2023-06-26,2,34.7,44,20.3,4,0,0.19
2023-06-27,2,29.0,33,29.17,5,1,0.39
2023-06-28,3,21.4,61,27.37,7,2,0.65
2023-06-29,1,28.5,52,13.76,3,1,2.13
2023-06-30,4,24.0,84,24.11,7,2,1.31
2023-07-01,4,25.9,35,10.13,4,0,1.75
2023-07-02,2,34.1,53,22.28,7,0,1.26
2023-07-03,1,41.7,49,33.39,6,1,1.73
2023-07-04,2,32.8,87,16.31,5,1,0.0
2023-07-05,0,21.6,66,16.99,4,0,4.01
2023-07-06,2,33.1,49,26.58,4,1,0.18
2023-07-07,2,38.4,41,12.74,8,0,0.78
2023-07-08,4,25.7,62,18.2,4,0,2.21
2023-07-09,4,29.1,57,25.58,8,2,0.86
2023-07-10,4,30.1,37,18.19,2,1,4.4
2023-07-11,0,24.5,30,20.58,8,0,0.95
2023-07-12,4,34.5,66,26.47,5,1,3.12
2023-07-13,1,29.2,51,24.53,7,2,2.5
2023-07-14,3,32.9,35,23.6,8,2,5.94
2023-07-15,1,23.8,50,19.97,4,1,3.92
2023-07-16,1,26.9,61,24.22,5,1,3.43
2023-07-17,4,35.1,64,21.26,8,0,1.97
2023-07-18,3,27.4,44,24.75,8,2,0.69
2023-07-19,3,42.1,34,19.02,4,2,0.17
2023-07-20,3,27.2,89,20.9,6,2,1.75
2023-07-21,0,31.6,85,16.06,6,1,5.77
2023-07-22,4,36.5,75,21.79,8,0,1.95
2023-07-23,3,20.1,79,17.13,6,1,3.96
2023-07-24,0,17.7,77,15.32,3,1,2.45
2023-07-25,2,19.3,35,23.55,4,1,0.27
2023-07-26,2,38.8,54,23.28,3,0,0.43
2023-07-27,0,26.1,85,26.7,5,1,0.63
2023-07-28,0,47.9,75,19.41,3,2,0.28
2023-07-29,4,26.1,88,24.45,5,2,1.31
2023-07-30,4,31.3,85,25.3,8,2,5.56
2023-07-31,2,40.8,69,24.67,5,0,2.15
2023-08-01,3,44.0,58,17.05,5,1,0.83
2023-08-02,2,44.4,36,22.9,7,0,0.01
2023-08-03,3,38.5,69,24.18,3,1,0.56
2023-08-04,3,37.2,42,22.04,7,2,1.12
2023-08-05,4,34.1,67,9.48,8,1,0.59
2023-08-06,1,35.4,47,22.96,4,1,0.18
2023-08-07,1,26.1,31,35.28,3,1,0.88
2023-08-08,0,24.3,37,19.84,4,0,0.44
2023-08-09,4,30.0,40,17.63,4,1,3.6
2023-08-10,3,28.8,62,24.24,5,1,0.16
2023-08-11,1,26.8,83,23.87,3,1,0.08
2023-08-12,3,34.9,67,29.16,4,0,0.01
2023-08-13,1,36.7,77,14.45,6,0,0.6
2023-08-14,1,30.6,56,26.39,4,0,1.62
2023-08-15,1,40.3,49,25.54,6,1,1.97
2023-08-16,4,22.0,41,21.15,3,2,0.91
2023-08-17,2,28.6,72,24.03,8,2,1.73
2023-08-18,3,25.0,60,28.18,7,2,0.67
2023-08-19,4,16.9,56,27.23,3,1,1.65
2023-08-20,4,29.4,61,15.14,7,2,0.06
2023-08-21,4,29.1,39,26.92,7,2,0.74
2023-08-22,4,40.6,32,21.61,3,2,2.35
2023-08-23,4,34.4,74,22.44,4,1,2.44
2023-08-24,0,22.8,56,22.44,2,2,1.89
2023-08-25,3,43.0,64,21.1,4,2,0.34
2023-08-26,4,38.5,60,29.15,4,1,0.43
2023-08-27,3,34.1,44,21.5,8,0,8.32
2023-08-28,0,28.4,45,15.28,5,2,0.16
2023-08-29,0,23.3,42,19.64,5,0,0.3
2023-08-30,3,27.4,78,23.07,4,2,0.21
2023-08-31,1,37.6,64,29.38,6,1,0.6
2023-09-01,2,43.2,81,25.62,8,0,0.35
2023-09-02,1,40.8,40,16.9,7,0,1.03
2023-09-03,1,26.6,88,36.91,5,0,0.97
2023-09-04,1,22.2,50,23.59,4,0,3.48
2023-09-05,4,31.0,80,29.65,8,2,0.05
2023-09-06,0,17.6,83,21.09,2,2,0.58
2023-09-07,1,32.3,40,25.2,6,0,1.36
2023-09-08,0,29.0,59,27.04,3,2,1.39
2023-09-09,3,26.7,89,29.31,4,0,0.98
2023-09-10,2,18.8,77,28.34,8,0,2.54
2023-09-11,3,33.6,82,27.23,4,1,0.1
2023-09-12,3,26.3,64,20.11,7,0,2.54
2023-09-13,4,21.8,51,18.57,6,2,1.02
2023-09-14,2,9.9,67,24.0,5,0,0.22
2023-09-15,3,29.8,60,27.6,5,1,3.25
2023-09-16,3,42.4,43,20.66,5,2,1.57
2023-09-17,2,41.6,53,28.39,3,1,0.27
2023-09-18,2,26.8,79,30.72,8,1,0.05
2023-09-19,3,25.8,78,16.5,6,0,0.23
2023-09-20,2,33.3,61,16.98,6,1,1.41
2023-09-21,3,23.0,65,21.16,5,1,0.3
2023-09-22,3,32.1,61,23.85,5,2,0.38
2023-09-23,4,35.4,84,18.85,7,1,0.04
2023-09-24,1,38.6,44,30.11,2,0,1.93
2023-09-25,3,29.3,72,24.54,2,0,2.49
2023-09-26,0,28.6,87,22.24,4,0,2.39
2023-09-27,1,23.9,64,13.38,4,1,0.2
2023-09-28,1,24.2,32,14.11,6,2,3.5
2023-09-29,1,28.4,45,23.69,6,0,1.67
2023-09-30,4,32.6,34,9.2,3,1,3.42
2023-10-01,3,36.4,50,28.08,3,0,0.89
2023-10-02,4,24.4,39,21.05,2,0,0.86
2023-10-03,3,40.4,48,41.46,4,2,2.3
2023-10-04,4,28.1,54,35.85,2,0,0.15
2023-10-05,4,29.9,33,20.91,2,2,1.1
2023-10-06,0,24.8,58,21.36,4,1,2.72
2023-10-07,4,13.0,48,27.97,8,0,2.66
2023-10-08,2,36.2,72,32.22,3,1,4.69
2023-10-09,0,35.2,31,12.17,7,1,1.8
2023-10-10,4,28.0,39,11.28,7,1,0.35
2023-10-11,1,30.5,72,18.27,7,0,0.03
2023-10-12,2,33.6,54,25.5,4,2,0.98
2023-10-13,2,19.1,49,24.98,5,0,1.08
2023-10-14,2,26.3,77,28.42,5,1,0.41
2023-10-15,0,35.6,48,14.8,5,2,0.2
2023-10-16,4,21.2,52,8.1,6,1,1.32
2023-10-17,4,32.1,53,27.15,3,2,2.17
2023-10-18,1,20.5,40,17.03,3,0,7.48
2023-10-19,1,33.3,75,9.89,8,2,2.13
2023-10-20,2,29.8,63,22.87,8,0,2.37
2023-10-21,1,18.7,84,26.76,6,1,1.44
2023-10-22,0,38.2,57,21.27,2,2,6.39
2023-10-23,4,24.9,34,19.25,8,1,1.53
2023-10-24,2,24.3,88,21.04,7,2,2.95
2023-10-25,1,31.4,34,19.78,5,0,4.37
2023-10-26,0,38.0,80,13.91,7,2,3.99
2023-10-27,0,22.9,50,17.71,5,2,0.72
2023-10-28,1,30.4,41,25.13,7,0,0.12
2023-10-29,4,33.0,79,23.93,2,0,0.28
2023-10-30,1,34.9,33,23.01,7,0,0.09
2023-10-31,2,31.2,83,16.03,7,2,0.17
2023-11-01,1,27.4,78,20.91,4,1,0.31
2023-11-02,0,24.2,71,8.94,7,2,0.63
2023-11-03,1,30.6,49,23.07,4,2,1.18
2023-11-04,4,22.5,67,30.57,3,1,1.87
2023-11-05,3,9.6,54,13.16,6,0,0.36
2023-11-06,1,33.1,43,18.48,7,2,1.67
2023-11-07,4,36.3,40,23.97,3,1,1.83
2023-11-08,4,13.5,61,29.52,8,0,1.23
2023-11-09,0,22.9,40,19.31,8,0,3.51
2023-11-10,4,34.3,47,17.85,4,2,0.18
2023-11-11,4,44.4,56,10.19,7,0,0.29
2023-11-12,4,30.1,84,22.62,7,0,0.84
2023-11-13,4,24.9,83,34.25,2,1,0.2
2023-11-14,2,28.7,47,23.66,3,1,1.25
2023-11-15,2,39.6,85,21.87,5,0,0.76
2023-11-16,0,25.5,52,23.93,5,1,0.5
2023-11-17,1,24.4,40,21.93,2,0,0.28
2023-11-18,4,26.6,50,17.12,4,2,0.61
2023-11-19,1,23.3,73,26.94,5,1,1.4
2023-11-20,1,30.9,34,23.35,5,0,1.29
2023-11-21,0,41.4,52,22.11,8,0,0.27
2023-11-22,4,32.3,70,16.15,8,1,0.2
2023-11-23,4,28.2,88,29.82,6,1,0.04
2023-11-24,3,28.0,54,25.99,3,2,0.02
2023-11-25,1,19.1,70,18.68,4,0,3.18
2023-11-26,1,36.2,83,28.01,7,2,0.07
2023-11-27,2,29.5,39,19.01,3,2,1.97
2023-11-28,3,28.7,51,17.31,4,2,3.08
2023-11-29,2,52.4,48,17.44,5,1,0.15
2023-11-30,2,32.1,30,11.37,6,2,0.86
2023-12-01,2,24.7,36,24.83,3,1,4.92
2023-12-02,0,27.0,33,11.01,5,1,2.69
2023-12-03,0,38.0,30,14.63,4,2,1.01
2023-12-04,2,30.8,44,9.55,3,2,2.16
2023-12-05,3,19.9,69,21.48,7,0,2.69
2023-12-06,1,36.4,41,21.1,3,2,0.64
2023-12-07,3,25.3,51,20.04,5,0,3.34
2023-12-08,4,43.1,51,15.74,3,2,0.95
2023-12-09,0,37.6,79,14.97,7,2,1.13
2023-12-10,1,26.9,76,24.79,6,2,12.21
2023-12-11,1,39.0,46,18.7,6,2,2.78
2023-12-12,4,30.5,58,23.9,5,0,0.67
2023-12-13,4,36.0,75,16.69,4,0,0.02
2023-12-14,2,33.4,43,23.09,5,2,1.48
2023-12-15,0,24.1,79,29.82,6,2,1.83
2023-12-16,0,25.5,49,25.52,2,0,1.58
2023-12-17,3,37.2,79,19.53,2,1,5.16
2023-12-18,2,27.7,77,23.54,3,1,2.98
2023-12-19,2,27.2,62,20.56,7,1,0.89
2023-12-20,2,23.3,84,22.05,8,0,0.1
2023-12-21,2,33.0,88,20.05,8,0,0.97
2023-12-22,0,44.4,72,21.01,8,1,1.75
2023-12-23,0,22.5,44,23.27,3,1,1.4
2023-12-24,2,30.2,41,16.04,2,2,1.16
2023-12-25,3,39.9,69,15.9,6,0,0.95
2023-12-26,1,29.4,83,13.67,3,0,0.52
2023-12-27,1,33.2,49,12.4,8,1,0.49
2023-12-28,3,22.6,59,14.7,8,1,1.04
2023-12-29,2,33.0,67,22.96,5,0,0.26
2023-12-30,0,28.7,32,16.64,8,2,0.62
2023-12-31,1,36.9,57,25.08,7,1,0.59
2024-01-01,4,38.3,85,22.21,8,0,1.33
2024-01-02,4,48.1,55,10.19,5,0,0.1
2024-01-03,3,34.1,59,25.93,8,2,2.66
2024-01-04,2,32.3,42,26.86,7,2,1.24
2024-01-05,1,31.4,42,16.04,6,1,1.67
2024-01-06,2,27.5,31,24.52,3,1,1.82
2024-01-07,1,32.4,66,16.86,7,1,0.52
2024-01-08,3,27.9,78,22.59,5,0,0.95
2024-01-09,3,31.2,67,14.41,3,1,4.69
2024-01-10,4,39.2,31,11.24,3,0,2.18
2024-01-11,2,23.0,65,19.7,5,1,5.24
2024-01-12,4,38.0,83,21.26,2,2,2.06
2024-01-13,2,39.2,55,19.61,8,2,0.29
2024-01-14,4,29.2,40,14.9,7,0,0.1
2024-01-15,0,15.1,37,19.6,5,2,1.29
2024-01-16,0,25.7,73,23.62,6,0,0.66
2024-01-17,0,39.1,69,21.73,4,0,0.48
2024-01-18,0,29.8,72,23.1,5,2,2.47
2024-01-19,1,23.0,51,17.98,8,0,0.69
2024-01-20,0,26.5,49,29.03,8,2,0.57
2024-01-21,3,35.9,37,14.94,3,1,2.85
2024-01-22,3,33.8,58,24.93,3,1,2.81
2024-01-23,1,28.3,69,29.09,5,2,0.66
2024-01-24,0,27.4,55,24.89,4,2,2.68
2024-01-25,0,27.3,59,20.78,5,2,2.85
2024-01-26,0,23.5,46,18.83,4,2,0.83
2024-01-27,4,41.3,49,28.22,4,1,0.1
2024-01-28,2,27.7,81,13.46,8,0,0.0
2024-01-29,4,38.5,84,16.18,8,0,1.11
2024-01-30,2,40.6,45,19.61,8,1,0.63
2024-01-31,0,37.0,75,29.43,6,0,8.78
2024-02-01,0,27.0,72,24.28,8,1,2.22
2024-02-02,4,32.8,36,16.19,7,0,2.15
2024-02-03,4,29.8,45,20.14,3,2,4.66
2024-02-04,2,23.7,74,18.31,3,2,3.28
2024-02-05,3,32.3,88,17.74,4,2,0.57
2024-02-06,2,21.7,76,27.87,3,1,0.27
2024-02-07,4,38.3,85,13.77,2,1,2.05
2024-02-08,4,26.7,77,31.65,4,0,0.71
2024-02-09,1,31.4,56,26.97,3,0,0.96
2024-02-10,4,32.0,82,28.55,2,0,1.49
2024-02-11,1,28.2,52,19.22,6,1,3.58
2024-02-12,3,34.1,53,21.1,3,0,0.81
2024-02-13,2,26.7,38,13.4,2,2,2.29
2024-02-14,2,36.1,64,18.85,5,0,0.47
2024-02-15,1,20.6,80,24.96,7,2,1.8
2024-02-16,2,30.9,49,29.78,5,1,0.0
2024-02-17,4,43.6,66,15.36,2,2,3.08
2024-02-18,0,23.0,71,19.81,4,2,0.05
2024-02-19,1,25.3,46,21.09,8,2,1.87
2024-02-20,2,33.6,76,13.63,8,1,0.07
2024-02-21,1,31.3,60,25.55,8,1,0.46
2024-02-22,1,32.5,84,17.66,4,1,1.03
2024-02-23,0,33.4,86,20.83,3,1,0.82
2024-02-24,4,34.4,37,19.29,8,0,0.32
2024-02-25,1,37.8,44,17.26,5,1,0.61
2024-02-26,2,32.9,60,21.96,4,2,1.95
2024-02-27,3,28.3,82,20.71,4,1,1.66
2024-02-28,1,34.7,59,19.77,8,0,0.11
2024-02-29,1,43.3,75,17.63,5,0,2.06
2024-03-01,0,29.1,49,23.92,6,0,0.08
2024-03-02,4,23.2,89,31.92,4,2,1.17
2024-03-03,3,37.7,68,22.84,8,1,0.45
2024-03-04,2,29.2,82,27.98,7,1,1.33
2024-03-05,3,14.8,84,13.66,2,1,0.45
2024-03-06,2,35.9,41,22.95,3,2,6.3
2024-03-07,4,26.3,78,15.42,4,2,0.56
2024-03-08,2,29.4,46,13.14,7,0,0.42
2024-03-09,0,32.3,71,17.56,7,0,0.49
2024-03-10,0,31.3,59,29.15,4,1,3.4
2024-03-11,0,35.0,58,27.7,6,2,1.52
2024-03-12,0,27.0,48,23.46,2,2,1.97
2024-03-13,3,33.6,75,12.8,3,1,3.75
2024-03-14,4,28.2,40,20.82,4,1,3.64
2024-03-15,2,35.2,63,23.81,3,0,2.01
2024-03-16,2,34.3,79,23.05,5,0,0.33
2024-03-17,0,23.5,36,10.94,7,0,2.78
2024-03-18,0,37.6,73,16.66,7,1,0.34
2024-03-19,1,26.2,87,21.62,4,1,2.04
2024-03-20,4,35.7,63,25.22,4,0,1.74
2024-03-21,3,32.6,88,8.82,5,0,2.13
2024-03-22,2,42.9,49,21.03,6,2,1.14
2024-03-23,1,28.4,79,22.86,4,2,1.53
2024-03-24,1,27.6,67,27.1,7,0,4.6
2024-03-25,2,29.9,53,26.16,3,0,0.16
2024-03-26,3,27.9,39,25.5,2,2,0.55
2024-03-27,1,35.6,61,17.2,8,0,1.42
2024-03-28,1,18.7,81,10.55,3,2,4.99
2024-03-29,4,22.6,44,19.64,6,2,0.15
2024-03-30,3,22.5,66,28.01,2,2,0.03
2024-03-31,1,36.7,49,30.36,3,1,0.09
2024-04-01,3,42.0,32,26.26,3,1,0.08
2024-04-02,2,29.3,66,24.58,5,0,3.58
2024-04-03,0,28.8,86,24.28,8,2,1.92
2024-04-04,1,30.5,69,18.66,6,1,1.7
2024-04-05,4,38.1,37,21.22,7,0,1.11
2024-04-06,2,23.5,69,32.01,5,0,2.28
2024-04-07,3,31.7,73,16.34,2,0,0.25
2024-04-08,2,36.8,85,31.69,8,0,0.75
2024-04-09,1,33.5,52,20.07,7,0,1.01
2024-04-10,3,31.3,69,29.95,5,2,0.18
2024-04-11,0,37.0,40,13.56,8,0,0.82
2024-04-12,2,11.1,75,25.52,6,2,0.57
2024-04-13,1,34.7,37,17.58,4,1,0.05
2024-04-14,4,25.4,58,13.51,4,0,0.22
2024-04-15,3,17.2,59,23.31,2,1,2.17
2024-04-16,2,33.6,85,28.06,4,2,0.03
2024-04-17,2,39.6,89,16.93,5,2,4.08
2024-04-18,0,29.0,39,13.01,2,1,0.14
2024-04-19,0,36.7,68,21.45,7,0,2.41
2024-04-20,4,41.3,57,21.48,6,0,3.43
2024-04-21,4,39.2,78,25.29,2,1,4.25
2024-04-22,1,41.5,65,27.7,7,1,3.03
2024-04-23,1,35.2,42,21.64,2,1,0.51
2024-04-24,4,30.5,61,33.13,3,0,0.61
2024-04-25,4,18.8,65,23.35,3,0,0.83
2024-04-26,3,28.3,66,19.92,2,0,0.23
2024-04-27,0,24.1,55,12.33,8,1,0.03
2024-04-28,1,45.2,51,20.42,4,0,3.05
2024-04-29,0,28.8,33,19.98,3,2,1.21
2024-04-30,0,30.9,60,27.76,8,1,1.41
2024-05-01,4,33.9,47,24.77,8,0,3.93
2024-05-02,3,30.3,67,14.92,6,1,1.64
2024-05-03,2,41.9,53,23.03,7,2,1.76
2024-05-04,3,25.6,85,26.03,5,2,2.32
2024-05-05,3,31.4,52,31.17,3,1,0.19
2024-05-06,0,24.8,51,27.33,2,1,0.67
2024-05-07,3,20.8,31,26.57,4,2,5.17
2024-05-08,1,25.7,60,22.36,5,1,3.84
2024-05-09,0,29.7,84,24.33,7,2,3.23
2024-05-10,1,27.0,40,29.5,8,2,0.9
2024-05-11,2,25.2,57,14.0,7,0,2.92
2024-05-12,0,20.2,75,19.9,3,1,0.07
2024-05-13,2,29.4,61,17.36,7,1,0.24
2024-05-14,0,19.5,34,24.27,7,0,0.8
2024-05-15,4,35.3,67,29.38,4,2,0.99
2024-05-16,3,30.6,39,18.42,8,1,0.46
2024-05-17,4,19.8,69,7.66,4,0,0.66
2024-05-18,2,27.8,75,19.53,4,0,0.27
2024-05-19,3,24.7,53,27.48,2,1,1.01
2024-05-20,0,32.2,64,25.23,7,0,2.37
2024-05-21,3,39.4,73,24.57,7,2,1.62
2024-05-22,1,16.9,77,20.32,7,0,0.17
2024-05-23,3,30.8,89,14.33,6,2,1.0
2024-05-24,1,28.9,52,25.09,4,2,1.79
2024-05-25,3,34.7,46,16.99,5,1,1.13
2024-05-26,1,31.5,30,35.1,3,0,0.75
2024-05-27,2,24.7,84,25.42,8,2,1.46
2024-05-28,4,27.8,60,18.52,5,2,5.19
2024-05-29,0,24.4,60,18.33,8,0,0.15
2024-05-30,3,37.5,71,21.44,2,2,0.74
2024-05-31,4,30.1,86,20.56,2,0,0.78
2024-06-01,0,43.3,84,28.7,8,1,1.29
2024-06-02,0,29.6,71,23.12,7,2,0.25
2024-06-03,1,25.0,82,17.61,5,2,0.29
2024-06-04,2,19.4,85,33.34,7,0,0.5
2024-06-05,2,17.4,63,22.3,6,0,4.68
2024-06-06,4,18.9,38,26.61,2,0,1.99
2024-06-07,2,31.9,51,18.35,2,0,1.63
2024-06-08,3,33.6,42,24.18,5,2,2.55
2024-06-09,2,18.9,54,23.87,2,1,0.2
2024-06-10,4,36.3,77,10.66,6,1,2.94
2024-06-11,2,26.6,47,34.09,6,1,1.36
2024-06-12,3,31.0,80,29.74,6,1,0.61
2024-06-13,1,41.3,41,19.62,3,0,2.54
2024-06-14,4,36.3,69,15.39,6,2,2.43
2024-06-15,1,28.1,46,24.09,6,2,2.8
2024-06-16,1,23.8,44,22.52,3,2,0.18
2024-06-17,1,14.9,71,24.13,7,0,5.23
2024-06-18,0,25.0,44,23.15,4,2,4.81
2024-06-19,0,28.5,44,25.04,2,0,0.66
2024-06-20,1,23.1,84,30.68,6,2,0.1
2024-06-21,4,29.1,68,25.41,2,1,0.27
2024-06-22,3,30.5,42,15.7,5,0,7.41
2024-06-23,3,28.4,46,30.18,2,2,1.24
2024-06-24,2,25.4,61,31.84,8,1,0.66
2024-06-25,4,31.2,38,40.91,7,1,0.51
2024-06-26,0,33.1,69,15.26,3,1,0.45
2024-06-27,1,22.4,49,23.46,2,0,1.64
2024-06-28,2,39.9,55,9.51,2,0,0.82
2024-06-29,3,29.3,56,25.32,2,2,5.05
2024-06-30,0,30.1,50,18.71,4,1,1.73
2024-07-01,0,35.0,47,33.54,4,2,2.36
2024-07-02,1,31.6,42,17.35,5,2,0.52
2024-07-03,3,36.7,45,11.86,3,1,0.12
2024-07-04,4,32.0,38,19.17,2,2,1.0
2024-07-05,0,25.7,41,10.15,2,0,0.57
2024-07-06,1,32.5,73,26.51,2,2,0.34
2024-07-07,4,22.0,67,9.61,2,1,4.58
2024-07-08,3,30.8,48,22.17,4,0,0.88
2024-07-09,0,29.8,89,9.53,7,0,0.29
2024-07-10,4,28.5,36,20.08,7,2,0.33
2024-07-11,4,29.1,86,31.86,5,2,0.49
2024-07-12,4,16.8,64,24.16,8,0,10.93
2024-07-13,0,26.2,77,16.82,6,2,0.47
2024-07-14,0,30.6,47,21.81,3,1,0.6
2024-07-15,2,31.1,45,22.11,7,2,1.62
2024-07-16,3,22.8,84,24.84,8,2,0.52
2024-07-17,1,38.9,68,13.8,2,0,0.36
2024-07-18,4,23.9,33,25.56,7,2,0.26
2024-07-19,2,36.8,88,5.77,5,2,0.56
2024-07-20,1,33.0,54,18.22,6,2,0.17
2024-07-21,2,25.5,61,19.07,7,1,0.03
2024-07-22,0,42.4,69,25.8,5,2,2.45
2024-07-23,4,21.6,42,22.14,4,1,0.22
2024-07-24,1,36.4,74,13.57,6,1,2.24
2024-07-25,1,37.0,46,16.09,5,1,2.4
2024-07-26,1,25.3,78,23.19,8,1,1.16
2024-07-27,1,39.7,66,21.53,7,0,0.56
2024-07-28,1,28.2,35,18.53,4,1,0.24
2024-07-29,2,32.0,48,19.11,8,2,2.0
2024-07-30,4,31.8,42,26.18,5,1,1.38
2024-07-31,0,29.1,86,18.89,5,2,1.6
2024-08-01,0,35.7,89,21.47,8,1,0.01
2024-08-02,0,35.6,55,35.02,7,0,3.94
2024-08-03,0,17.8,43,13.46,6,1,0.1
2024-08-04,2,39.1,60,10.89,4,1,0.69
2024-08-05,3,18.4,83,26.7,2,0,0.77
2024-08-06,4,37.2,33,17.93,3,1,0.0
2024-08-07,1,37.9,89,20.09,6,2,1.03
2024-08-08,3,22.4,68,17.31,4,1,2.1
2024-08-09,0,27.1,37,20.44,8,1,2.6
2024-08-10,3,22.3,54,31.59,5,1,3.17
2024-08-11,4,28.5,42,26.81,8,0,1.0
2024-08-12,1,27.8,61,27.17,4,1,1.49
2024-08-13,1,35.5,88,13.5,8,1,0.12
2024-08-14,4,39.2,67,15.09,8,2,1.0
2024-08-15,4,39.8,67,4.97,3,1,0.25
2024-08-16,0,26.1,85,17.14,7,1,0.69
2024-08-17,1,28.5,57,27.74,3,1,0.6
2024-08-18,3,18.2,82,25.1,2,1,0.83
2024-08-19,2,24.4,59,20.67,2,2,1.27
2024-08-20,2,36.8,32,21.87,3,2,3.5
2024-08-21,4,41.3,57,17.87,6,0,0.75
2024-08-22,0,21.4,32,23.23,6,1,5.96
2024-08-23,2,25.9,74,26.6,8,0,2.13
2024-08-24,1,29.8,83,12.3,8,0,1.07
2024-08-25,4,32.0,63,23.8,5,1,1.55
2024-08-26,3,24.3,45,27.59,2,2,0.16
2024-08-27,4,33.0,51,19.51,5,2,2.79
2024-08-28,3,26.7,61,26.2,2,1,1.31
2024-08-29,4,29.9,67,38.89,3,1,6.41
2024-08-30,4,33.8,37,21.37,6,2,1.52
2024-08-31,4,30.0,84,24.36,8,1,2.69
2024-09-01,3,26.9,37,17.57,6,1,2.41
2024-09-02,3,29.2,86,23.09,3,1,0.64
2024-09-03,4,29.4,35,24.76,5,2,0.45
2024-09-04,2,27.4,43,23.17,5,0,0.84
2024-09-05,0,28.2,61,15.88,4,0,0.94
2024-09-06,0,41.2,64,23.24,8,1,0.41
2024-09-07,0,33.9,39,30.77,8,2,3.37
2024-09-08,3,27.9,32,24.69,8,1,1.17
2024-09-09,3,34.9,88,27.77,2,2,5.76
2024-09-10,2,27.7,41,20.58,5,1,2.49
2024-09-11,0,38.2,78,26.5,3,2,1.22
2024-09-12,0,32.6,88,23.68,5,2,4.41
2024-09-13,4,29.2,60,16.29,6,0,1.05
2024-09-14,3,33.1,58,23.91,2,1,3.27
2024-09-15,0,19.0,34,16.05,8,0,0.67
2024-09-16,2,22.1,81,18.2,7,0,0.71
2024-09-17,2,21.6,54,23.14,4,2,0.81
2024-09-18,0,31.0,70,23.78,2,1,1.19
2024-09-19,3,42.1,60,14.86,6,2,1.21
2024-09-20,2,45.6,50,28.32,8,2,1.03
2024-09-21,4,34.5,87,25.43,6,2,0.55
2024-09-22,2,33.5,49,17.77,6,1,3.93
2024-09-23,1,17.4,68,12.77,8,1,1.33
2024-09-24,1,26.2,51,21.13,6,2,0.79
2024-09-25,3,24.5,33,19.32,3,1,1.58
2024-09-26,0,25.7,42,22.68,4,2,2.19
2024-09-27,3,28.8,74,19.82,7,1,4.86
2024-09-28,3,26.7,71,9.96,6,1,1.04
2024-09-29,3,16.1,79,19.67,6,0,0.18
2024-09-30,3,35.2,78,20.17,5,2,0.87
2024-10-01,4,22.5,49,25.8,4,0,0.98
2024-10-02,4,31.7,81,17.81,2,0,3.41
2024-10-03,2,44.5,42,32.07,4,2,0.75
2024-10-04,1,23.6,46,10.53,4,2,4.6
2024-10-05,3,12.3,83,29.87,8,1,1.0
2024-10-06,2,28.0,65,20.65,8,2,5.46
2024-10-07,1,37.7,62,27.16,8,0,0.01
2024-10-08,0,43.7,30,22.48,7,0,3.44
2024-10-09,4,21.4,44,28.84,4,2,4.01
2024-10-10,1,33.5,42,19.68,7,0,4.87
2024-10-11,0,26.7,46,15.41,6,1,0.02
2024-10-12,1,29.3,53,30.52,8,0,0.28
2024-10-13,4,48.5,87,21.32,6,1,1.59
2024-10-14,4,19.5,37,23.33,8,0,0.04
2024-10-15,2,31.8,79,29.41,3,1,0.1
2024-10-16,3,33.3,56,15.81,7,1,0.37
2024-10-17,1,37.6,74,25.57,7,2,1.08
2024-10-18,1,30.7,52,18.46,2,1,1.18
2024-10-19,0,32.2,75,21.21,5,2,0.05
2024-10-20,4,27.3,37,22.43,4,0,0.28
2024-10-21,1,31.9,37,13.0,2,0,1.04
2024-10-22,4,27.6,88,17.33,7,0,1.35
2024-10-23,1,34.4,55,30.11,2,1,0.24
2024-10-24,2,27.4,76,27.32,3,0,0.76
2024-10-25,3,32.6,88,21.62,5,0,3.52
2024-10-26,1,29.8,42,23.46,7,2,10.22
2024-10-27,4,37.9,68,20.23,7,2,6.54
2024-10-28,2,29.6,66,30.14,4,0,3.2
2024-10-29,1,17.6,78,20.8,8,0,0.75
2024-10-30,0,38.8,57,23.39,5,1,1.74
2024-10-31,3,23.7,54,28.88,3,1,0.81
2024-11-01,1,25.4,45,17.34,6,0,1.57
2024-11-02,2,25.8,84,31.35,2,2,0.56
2024-11-03,0,39.6,31,12.82,4,0,1.4
2024-11-04,2,15.1,83,31.78,7,1,1.11
2024-11-05,2,52.0,47,19.76,6,2,0.04
2024-11-06,0,37.4,46,20.54,3,2,2.35
2024-11-07,2,31.6,59,10.66,5,1,0.02
2024-11-08,0,29.6,68,19.27,2,0,0.52
2024-11-09,1,32.0,42,15.76,4,0,0.01
2024-11-10,0,33.6,61,18.35,7,0,0.71
2024-11-11,0,34.5,79,21.18,7,1,0.1
2024-11-12,3,33.9,58,27.75,6,2,3.67
2024-11-13,0,30.6,75,23.25,6,1,0.81
2024-11-14,0,28.6,59,23.85,2,0,0.92
2024-11-15,1,28.9,47,15.43,5,1,0.65
2024-11-16,3,28.6,42,16.72,3,2,1.48
2024-11-17,4,37.9,72,32.79,8,1,2.3
2024-11-18,1,34.2,50,17.59,5,0,1.57
2024-11-19,1,9.4,59,31.94,5,2,2.07
2024-11-20,4,34.6,50,20.54,5,1,3.55
2024-11-21,0,31.4,77,22.01,8,1,2.99
2024-11-22,2,29.9,84,28.42,2,2,1.68
2024-11-23,3,27.3,46,29.63,8,2,0.36
2024-11-24,2,37.9,69,21.34,2,0,1.52
2024-11-25,4,36.6,48,19.67,8,2,1.06
2024-11-26,1,24.6,81,21.66,3,0,1.89
2024-11-27,1,32.8,44,24.03,5,1,2.68
2024-11-28,3,23.2,38,27.35,2,0,2.04
2024-11-29,1,20.3,81,22.03,8,1,2.81
2024-11-30,1,25.6,39,25.71,3,2,0.1
2024-12-01,3,36.0,73,31.83,8,1,0.05
2024-12-02,3,36.7,60,24.29,7,2,0.45
2024-12-03,4,33.6,82,23.87,3,1,3.46
2024-12-04,1,35.1,52,12.89,5,1,2.6
2024-12-05,1,33.6,81,6.22,4,1,1.72
2024-12-06,4,25.5,59,24.33,5,1,1.81
2024-12-07,0,33.0,62,21.43,4,0,1.95
2024-12-08,0,35.6,86,18.91,3,1,4.29
2024-12-09,0,35.3,81,23.46,7,0,2.68
2024-12-10,4,38.3,38,21.64,7,2,1.46
2024-12-11,1,35.0,83,28.77,2,2,1.64
2024-12-12,4,32.5,76,22.52,7,0,0.36
2024-12-13,4,37.5,30,17.52,6,2,1.61
2024-12-14,0,29.8,73,27.94,3,2,0.83
2024-12-15,2,23.8,64,20.7,2,1,0.25
2024-12-16,1,28.9,40,25.16,7,1,2.46
2024-12-17,0,24.8,63,19.14,3,1,1.07
2024-12-18,2,25.3,45,18.1,5,0,5.69
2024-12-19,2,29.0,38,22.51,7,0,0.5
2024-12-20,3,24.5,61,22.08,8,2,0.98
2024-12-21,1,27.8,44,24.88,4,1,0.89
2024-12-22,2,16.7,41,20.39,3,0,0.19
2024-12-23,0,31.5,62,10.98,2,0,0.83
2024-12-24,3,30.0,74,19.4,5,1,0.51
2024-12-25,1,24.3,43,26.76,6,0,0.26
2024-12-26,4,34.6,86,20.22,5,1,0.5
2024-12-27,0,36.6,86,20.52,7,2,0.4
2024-12-28,2,18.7,37,27.92,4,2,1.99
2024-12-29,2,24.7,37,17.73,5,2,0.05
2024-12-30,0,24.6,56,12.74,6,1,1.44
2024-12-31,2,23.4,41,21.04,8,0,2.14
2025-01-01,3,35.8,30,19.09,2,2,0.98
2025-01-02,1,28.6,72,16.2,3,2,4.02
2025-01-03,3,28.1,69,20.95,4,2,1.85
2025-01-04,2,16.0,71,24.95,6,0,2.07
2025-01-05,4,34.4,80,21.94,7,0,0.33
2025-01-06,1,21.3,40,23.84,7,1,2.25
2025-01-07,1,30.4,68,32.88,7,2,2.68
2025-01-08,0,31.9,72,19.94,4,0,0.67
2025-01-09,0,39.5,60,23.67,5,1,0.36
2025-01-10,4,20.8,46,18.94,4,2,0.73
2025-01-11,1,8.9,62,16.92,7,0,2.02
2025-01-12,4,31.3,61,18.49,8,0,0.81
2025-01-13,0,42.6,87,19.13,6,1,2.0
2025-01-14,0,38.7,58,24.16,3,2,0.18
2025-01-15,1,31.5,50,36.09,3,2,2.46
2025-01-16,3,26.6,50,17.7,4,0,0.44
2025-01-17,2,35.6,69,19.5,7,2,0.43
2025-01-18,0,23.2,52,21.62,2,1,1.34
2025-01-19,0,33.3,85,24.37,8,0,0.11
2025-01-20,3,33.5,35,23.58,4,0,0.04
2025-01-21,3,37.4,51,29.7,7,1,0.45
2025-01-22,4,49.3,79,7.44,5,0,1.16
2025-01-23,4,32.7,67,7.68,3,2,3.57
2025-01-24,2,26.4,66,19.02,3,2,2.81
2025-01-25,2,29.8,74,28.58,8,0,1.01
2025-01-26,1,17.6,80,12.61,3,1,0.06
2025-01-27,4,25.1,83,3.95,2,1,1.15
2025-01-28,0,27.1,37,25.43,7,2,1.83
2025-01-29,4,26.3,70,23.46,7,1,0.62
2025-01-30,0,31.1,78,15.46,8,0,0.18
2025-01-31,3,24.2,64,16.09,7,0,0.49
2025-02-01,4,37.8,80,16.18,8,2,2.21
2025-02-02,3,30.0,40,22.66,7,2,0.65
2025-02-03,2,29.9,53,18.24,2,2,2.51
2025-02-04,2,27.7,78,24.96,6,1,0.58
2025-02-05,1,31.1,50,4.87,4,0,0.27
2025-02-06,4,35.8,80,16.86,4,0,0.86
2025-02-07,3,23.9,31,15.24,7,0,0.9
2025-02-08,0,25.4,69,20.46,5,2,0.02
2025-02-09,2,27.9,48,18.77,3,0,0.19
2025-02-10,2,20.6,68,26.79,2,1,0.31
2025-02-11,0,24.3,57,10.84,5,1,0.18
2025-02-12,3,26.7,88,22.27,5,0,0.63
2025-02-13,3,36.1,46,25.35,7,2,5.01
2025-02-14,4,31.8,35,33.14,2,0,1.07
2025-02-15,4,31.4,48,19.11,4,1,1.48
2025-02-16,1,36.0,85,23.95,3,1,0.66
2025-02-17,2,29.0,67,11.18,4,1,0.59
2025-02-18,4,32.7,57,7.65,5,0,0.04
2025-02-19,3,29.3,31,27.07,3,1,1.04
2025-02-20,0,31.9,67,21.97,6,2,0.99
2025-02-21,3,25.9,84,29.07,5,0,0.26
2025-02-22,2,12.9,66,13.76,4,0,2.17
2025-02-23,3,29.1,80,25.12,4,1,1.02
2025-02-24,1,40.0,81,33.21,7,1,0.62
2025-02-25,2,36.5,33,24.52,4,2,0.24
2025-02-26,0,36.8,51,23.66,2,0,1.2
2025-02-27,1,38.7,55,22.05,5,1,2.1
2025-02-28,2,30.6,78,12.57,8,2,0.5
2025-03-01,0,31.4,72,30.13,8,1,0.37
2025-03-02,1,25.7,65,18.33,3,0,1.11
2025-03-03,1,27.8,87,25.03,4,1,0.25
2025-03-04,2,34.3,42,12.62,7,0,1.65
2025-03-05,4,38.4,81,14.92,7,1,1.39
2025-03-06,1,29.0,87,30.61,4,0,0.14
2025-03-07,1,26.8,61,19.92,2,2,0.06
2025-03-08,0,30.0,46,30.72,7,0,1.45
2025-03-09,3,34.2,70,21.53,8,2,0.52
2025-03-10,2,19.9,65,10.95,3,0,0.14
2025-03-11,2,13.9,84,27.35,5,2,2.14
2025-03-12,4,26.1,89,18.46,6,1,0.57
2025-03-13,4,21.5,75,26.19,2,0,0.92
2025-03-14,2,26.4,48,22.15,7,1,0.41
2025-03-15,4,29.0,87,12.74,5,2,1.48
2025-03-16,0,26.8,89,22.99,6,0,0.54
2025-03-17,2,40.2,64,35.18,4,0,5.16
2025-03-18,4,32.3,75,24.96,4,1,1.82
2025-03-19,2,32.1,69,21.65,3,0,0.22
2025-03-20,3,34.4,85,28.45,6,0,0.81
2025-03-21,1,22.0,88,23.26,4,1,0.73
2025-03-22,2,37.3,57,23.26,4,0,1.15
2025-03-23,1,29.5,30,15.45,8,1,2.77
2025-03-24,4,34.7,71,23.4,7,1,1.31
2025-03-25,1,22.5,47,28.21,3,1,0.1
2025-03-26,2,19.1,77,16.98,5,1,1.6
2025-03-27,3,35.7,69,30.55,4,1,0.01
2025-03-28,4,32.6,62,21.45,8,2,2.27
2025-03-29,2,23.7,41,16.67,2,2,1.65
2025-03-30,4,23.9,37,27.99,2,1,0.55
2025-03-31,0,37.9,53,20.28,5,2,0.52
2025-04-01,1,21.7,45,26.56,6,2,2.4
2025-04-02,0,41.5,79,20.25,3,0,2.29
2025-04-03,2,23.7,33,21.64,8,1,0.65
2025-04-04,3,34.5,67,24.96,7,2,0.53
2025-04-05,4,27.7,73,23.75,8,0,1.23
2025-04-06,1,34.2,56,10.03,2,0,0.01
2025-04-07,4,26.2,38,15.27,2,1,0.13
2025-04-08,2,28.9,76,27.58,5,1,0.2
2025-04-09,4,30.3,45,21.21,6,0,0.31
2025-04-10,1,23.0,85,18.86,6,1,1.08
2025-04-11,2,35.2,41,13.85,5,1,7.29
2025-04-12,4,26.4,60,15.52,8,0,1.59
2025-04-13,3,28.4,53,9.87,2,0,0.09
2025-04-14,2,23.0,84,21.39,8,1,1.12
2025-04-15,2,12.1,43,18.41,8,2,1.03
2025-04-16,3,28.7,74,16.2,3,1,0.23
2025-04-17,0,46.9,54,21.59,2,2,3.79
2025-04-18,1,35.5,63,24.18,6,0,0.87
2025-04-19,0,29.9,32,34.56,7,2,7.82
2025-04-20,4,28.2,87,12.93,8,0,0.82
2025-04-21,3,30.2,53,28.96,2,1,1.4
2025-04-22,0,33.8,83,27.84,8,1,0.17
2025-04-23,2,21.7,71,17.33,3,0,0.91
2025-04-24,4,37.8,38,23.22,4,0,0.41
2025-04-25,4,35.0,55,19.25,2,0,2.71
2025-04-26,0,35.0,49,23.11,5,1,2.3
2025-04-27,0,33.1,69,31.05,4,1,2.61
2025-04-28,3,30.1,39,25.63,8,2,1.93
2025-04-29,1,34.7,48,25.05,5,0,2.68
2025-04-30,0,34.1,32,19.42,5,2,0.34
2025-05-01,0,27.5,53,13.1,5,1,0.9
2025-05-02,2,26.0,34,20.75,2,2,1.77
2025-05-03,4,30.7,32,29.24,6,2,1.52
2025-05-04,1,40.8,87,12.84,8,1,1.89
2025-05-05,2,21.3,56,15.67,4,1,0.38
2025-05-06,3,19.7,45,22.76,3,0,0.16
2025-05-07,3,31.2,78,16.09,6,2,3.73
2025-05-08,0,30.4,44,17.24,8,1,1.23
2025-05-09,0,31.2,64,19.46,2,1,0.25
2025-05-10,3,31.7,41,13.81,5,2,2.37
2025-05-11,0,28.4,70,16.16,3,1,3.7
2025-05-12,1,40.4,82,26.22,8,0,0.28
2025-05-13,0,18.8,73,14.16,4,0,2.55
2025-05-14,4,24.2,55,12.41,8,2,4.06
2025-05-15,0,29.3,76,18.22,6,0,4.18
2025-05-16,2,18.5,63,26.39,7,1,3.68
2025-05-17,1,28.8,52,20.82,6,1,1.19
2025-05-18,2,41.6,60,19.21,8,1,0.66
2025-05-19,2,30.1,79,22.27,3,1,0.01
2025-05-20,4,31.6,49,11.53,8,2,0.09
2025-05-21,1,21.2,41,24.97,8,0,0.84
2025-05-22,1,25.7,52,24.3,2,0,0.76
2025-05-23,1,27.4,33,19.54,4,1,0.31
2025-05-24,1,27.8,52,28.04,3,2,0.75
2025-05-25,1,39.0,77,15.24,8,1,0.29
2025-05-26,4,33.9,84,28.77,5,1,2.83
2025-05-27,0,22.2,77,22.93,4,2,0.53
2025-05-28,2,31.7,30,19.98,6,2,1.37
2025-05-29,1,33.5,83,21.88,3,1,1.05
2025-05-30,0,38.0,54,21.36,6,0,0.08
2025-05-31,0,41.1,31,29.32,8,1,4.28
2025-06-01,2,22.9,59,15.54,6,0,1.12
2025-06-02,4,24.3,32,17.42,6,0,0.59
2025-06-03,3,21.2,87,28.22,2,2,0.26
2025-06-04,3,28.4,50,18.43,6,2,0.62
2025-06-05,0,33.3,54,27.4,5,1,0.03
2025-06-06,2,36.9,49,32.2,5,0,0.68
2025-06-07,3,29.5,78,19.59,4,0,1.14
2025-06-08,0,27.8,81,26.09,8,1,3.08
2025-06-09,4,31.1,51,15.08,7,1,1.74
2025-06-10,3,24.2,50,26.53,6,1,0.18
2025-06-11,0,44.6,62,23.2,6,2,0.24
2025-06-12,0,18.7,81,24.84,3,1,0.84
2025-06-13,1,31.3,67,18.13,2,1,0.33
2025-06-14,4,44.2,44,12.03,7,0,0.04
2025-06-15,1,30.0,87,25.02,4,1,2.45
2025-06-16,2,28.7,87,9.62,7,0,0.03
2025-06-17,1,27.5,75,20.1,6,0,2.66
2025-06-18,1,28.7,81,27.65,3,2,0.23
2025-06-19,3,39.6,44,23.15,8,1,5.51
2025-06-20,0,14.5,75,33.69,2,1,1.39
2025-06-21,4,40.7,54,28.15,8,0,1.99
2025-06-22,1,20.0,50,18.08,4,2,0.18
2025-06-23,4,28.1,53,22.16,7,2,2.97
2025-06-24,1,27.0,86,21.72,4,1,2.74
2025-06-25,2,34.1,87,12.51,6,0,1.59
2025-06-26,1,18.8,34,16.36,4,1,1.05
2025-06-27,3,33.2,35,18.64,8,1,1.92
2025-06-28,0,44.2,78,9.78,3,1,0.01
2025-06-29,2,20.5,72,22.28,4,1,1.35
2025-06-30,1,31.3,77,20.51,5,0,2.82
2025-07-01,4,25.4,73,11.96,3,2,0.66
2025-07-02,2,33.0,76,24.43,7,1,0.17
2025-07-03,2,30.1,52,26.3,2,1,0.82
2025-07-04,1,25.5,33,23.36,2,1,1.95
2025-07-05,2,33.4,56,20.06,6,1,0.17
2025-07-06,4,42.6,47,25.55,6,2,0.35
2025-07-07,2,28.7,50,26.08,5,2,0.24
2025-07-08,4,35.0,57,23.84,7,2,2.39
2025-07-09,1,20.9,64,17.05,8,2,0.1
2025-07-10,0,23.3,51,23.66,2,1,1.74
2025-07-11,2,33.3,69,29.17,2,0,0.68
2025-07-12,0,40.4,52,18.42,2,2,2.11
2025-07-13,4,32.5,32,34.59,8,2,5.0
2025-07-14,2,27.8,69,18.85,2,1,0.18
2025-07-15,3,30.0,79,22.19,4,1,0.57
2025-07-16,0,21.2,39,17.97,7,1,2.49
2025-07-17,2,34.2,54,23.34,3,1,0.46
2025-07-18,0,36.2,81,11.55,3,0,0.36
2025-07-19,2,26.8,78,18.72,5,0,2.62
2025-07-20,1,26.7,37,15.45,4,2,6.52
2025-07-21,0,31.9,84,22.81,2,0,1.22
2025-07-22,3,26.9,40,27.97,2,2,0.49
2025-07-23,3,29.5,34,25.88,6,2,0.76
2025-07-24,4,44.7,87,7.77,6,0,0.28
2025-07-25,2,28.3,74,34.25,5,2,2.15
2025-07-26,0,27.5,82,23.77,2,1,2.23
2025-07-27,4,25.5,84,17.34,5,2,3.12
2025-07-28,0,35.2,66,22.94,4,1,0.04
2025-07-29,2,28.7,85,23.06,3,0,1.24
2025-07-30,3,25.5,88,18.0,2,0,0.36
2025-07-31,1,39.2,74,23.19,7,2,0.63
2025-08-01,3,39.9,67,18.36,8,1,2.31
2025-08-02,4,25.8,58,19.57,4,2,0.32
2025-08-03,1,16.9,34,17.88,2,0,1.53
2025-08-04,4,37.1,38,13.4,8,2,1.59
2025-08-05,2,25.2,88,22.88,7,2,4.62
2025-08-06,1,35.5,77,25.51,6,1,2.24
2025-08-07,4,16.2,31,25.09,5,0,2.44
2025-08-08,2,36.2,30,26.92,6,2,1.14
2025-08-09,3,21.5,69,23.95,3,1,0.31
2025-08-10,2,35.1,89,18.8,6,2,0.83
2025-08-11,0,30.1,80,27.04,2,1,1.2
2025-08-12,2,23.3,59,13.85,7,1,1.7
2025-08-13,2,27.2,40,16.6,6,2,1.4
2025-08-14,0,34.8,57,16.21,2,0,0.75
2025-08-15,4,30.7,73,28.48,3,0,0.46
2025-08-16,4,34.1,41,27.66,8,1,0.28
2025-08-17,2,43.8,68,24.92,7,0,1.78
2025-08-18,0,19.1,55,28.43,6,1,1.56
2025-08-19,0,41.3,42,16.72,5,0,1.74
2025-08-20,3,30.7,88,24.09,5,2,0.7
2025-08-21,4,23.7,37,21.25,7,0,0.46
2025-08-22,1,20.7,83,27.08,5,1,2.14
2025-08-23,4,28.7,57,21.31,6,1,2.23
2025-08-24,4,36.5,87,19.69,6,0,0.91
2025-08-25,3,29.1,59,25.25,7,2,1.42
2025-08-26,1,40.6,38,27.26,6,1,0.7
2025-08-27,3,19.8,68,17.99,8,1,1.82
2025-08-28,1,29.9,60,21.63,2,1,2.71
2025-08-29,2,21.2,87,15.65,3,1,1.75
2025-08-30,1,32.5,50,7.01,8,1,1.08
2025-08-31,3,36.2,85,23.2,8,2,0.92
2025-09-01,4,27.1,76,25.65,5,0,1.54
2025-09-02,1,11.8,63,23.57,2,2,1.71
2025-09-03,1,31.4,84,10.3,7,2,1.23
2025-09-04,0,33.1,60,19.89,5,1,1.47
2025-09-05,4,32.8,81,8.69,2,2,0.15
2025-09-06,2,38.7,54,30.22,6,1,4.55
2025-09-07,3,22.5,41,15.48,7,2,2.35
2025-09-08,2,34.8,30,29.53,7,1,0.7
2025-09-09,4,38.3,84,27.68,5,1,1.24
2025-09-10,1,17.5,51,16.6,6,2,0.07
2025-09-11,1,32.2,69,15.2,5,2,0.06
2025-09-12,4,26.5,66,24.1,4,0,0.43
2025-09-13,1,29.4,76,16.93,2,0,1.76
2025-09-14,1,32.4,30,22.61,4,0,2.87
2025-09-15,1,26.6,30,19.1,2,2,1.23
2025-09-16,3,25.3,86,11.31,3,2,1.14
2025-09-17,3,30.2,71,8.62,8,1,0.77
2025-09-18,0,22.4,83,23.36,7,0,0.26
2025-09-19,2,22.4,71,18.63,5,1,0.19
2025-09-20,4,34.8,50,18.68,3,1,2.14
2025-09-21,4,22.0,44,26.18,3,1,3.94
2025-09-22,4,34.7,46,29.04,7,1,0.92
2025-09-23,0,33.2,51,20.36,7,0,1.62
2025-09-24,3,17.9,67,19.96,2,1,3.69
2025-09-25,0,25.3,64,25.0,4,2,0.14
2025-09-26,4,38.4,74,13.86,6,2,2.21
2025-09-27,2,23.1,45,23.34,2,2,1.44
2025-09-28,1,26.7,37,25.31,6,0,1.37
2025-09-29,3,33.2,76,26.08,3,1,0.52
2025-09-30,3,35.5,46,10.38,6,0,1.73
2025-10-01,0,28.2,46,17.43,4,1,2.38
2025-10-02,3,25.8,83,16.73,2,0,0.18
2025-10-03,4,40.0,55,22.6,7,0,1.14
2025-10-04,4,42.2,42,24.88,4,1,0.16
2025-10-05,0,36.9,46,30.98,8,0,3.09
2025-10-06,4,30.6,67,19.03,4,1,1.06
2025-10-07,2,24.3,46,19.01,8,2,2.48
2025-10-08,0,24.2,77,28.9,2,2,0.69
2025-10-09,2,33.7,43,23.78,7,2,0.2
2025-10-10,1,32.9,74,29.61,4,0,0.06
2025-10-11,2,39.8,35,23.73,8,2,0.5
2025-10-12,1,34.6,64,15.06,7,1,0.42
2025-10-13,1,19.5,75,14.0,5,2,1.23
2025-10-14,2,37.4,43,12.69,5,2,0.03
2025-10-15,0,23.0,76,25.97,5,0,1.1
2025-10-16,4,27.3,37,29.13,6,1,0.75
2025-10-17,4,31.8,44,33.1,4,0,1.29
2025-10-18,1,44.0,83,27.06,2,0,1.82
2025-10-19,1,51.8,56,28.98,2,1,1.51
2025-10-20,0,34.2,42,18.52,6,0,6.26
2025-10-21,3,28.7,78,15.06,2,1,0.22
2025-10-22,2,33.7,60,27.1,8,2,0.84
2025-10-23,1,36.2,82,24.51,5,1,0.83
2025-10-24,4,27.8,85,22.64,4,1,0.81
2025-10-25,0,42.6,64,24.32,2,1,1.64
2025-10-26,2,31.6,89,23.94,2,0,1.01
2025-10-27,0,33.5,35,29.7,3,1,1.09
2025-10-28,2,34.7,34,29.77,3,1,0.85
2025-10-29,2,33.0,51,25.27,3,1,7.19
2025-10-30,1,35.9,87,27.07,4,2,3.94
2025-10-31,0,25.7,78,25.08,5,1,0.55
2025-11-01,0,26.1,52,19.23,7,0,0.18
2025-11-02,4,22.3,54,26.54,5,1,2.75
2025-11-03,4,33.1,63,13.63,5,1,8.8
2025-11-04,1,35.5,55,28.32,4,2,0.52
2025-11-05,1,33.2,76,14.83,8,1,0.66
2025-11-06,3,41.7,34,23.71,8,0,4.26
2025-11-07,4,30.0,55,16.93,4,1,1.86
2025-11-08,2,34.7,49,25.32,3,0,0.53
2025-11-09,0,22.4,35,21.8,2,2,1.3
2025-11-10,1,27.3,35,12.43,6,1,4.33
2025-11-11,0,34.9,88,24.52,6,2,2.51
2025-11-12,0,35.9,79,18.53,7,1,2.03
2025-11-13,3,27.9,47,27.29,2,0,2.0
2025-11-14,4,29.5,33,22.01,7,2,0.29
2025-11-15,1,19.4,46,24.37,3,1,2.61
2025-11-16,0,27.5,86,16.25,7,0,0.48
2025-11-17,1,36.2,43,18.46,2,2,4.0
2025-11-18,2,34.0,43,19.25,2,1,0.68
2025-11-19,3,33.5,42,27.14,6,2,2.92
2025-11-20,2,30.3,36,32.06,8,1,0.46
2025-11-21,1,30.0,73,17.17,3,0,1.08
2025-11-22,1,25.4,84,28.46,4,0,0.17
2025-11-23,4,34.9,44,8.98,7,2,1.62
2025-11-24,0,32.9,48,14.83,6,2,2.71
2025-11-25,0,33.4,72,16.25,7,1,1.9
2025-11-26,2,26.3,76,13.88,7,0,1.11
2025-11-27,3,14.9,73,12.5,4,1,0.07
2025-11-28,0,37.7,64,24.48,3,0,4.06
2025-11-29,4,26.6,46,20.72,2,2,1.83
2025-11-30,2,24.0,64,24.28,5,1,2.05
2025-12-01,2,34.9,48,26.14,7,1,2.37
2025-12-02,4,27.3,49,23.59,5,0,2.07
2025-12-03,3,37.4,65,25.95,3,0,0.87
2025-12-04,4,34.3,64,21.58,5,0,1.98
2025-12-05,3,34.8,61,14.88,7,2,1.47
2025-12-06,4,20.4,87,28.35,4,1,2.89
2025-12-07,4,38.5,77,18.47,5,0,2.43
2025-12-08,1,31.8,73,16.39,3,2,0.06
2025-12-09,2,27.4,69,20.93,3,0,0.71
2025-12-10,4,31.0,53,16.52,8,1,0.05
2025-12-11,4,17.6,46,19.5,8,0,0.16
2025-12-12,0,32.9,36,24.06,4,1,1.38
2025-12-13,2,22.8,72,24.09,5,2,3.11
2025-12-14,0,20.5,79,16.61,5,2,0.19
2025-12-15,2,19.3,30,19.07,8,0,0.9
2025-12-16,0,37.8,64,28.45,2,1,3.63
2025-12-17,4,25.6,61,24.98,6,1,2.53
2025-12-18,4,40.7,65,34.45,3,1,1.1
2025-12-19,1,26.2,42,29.08,2,0,2.21
2025-12-20,0,18.0,35,28.87,3,1,1.11
2025-12-21,3,22.2,87,13.67,2,1,0.26
2025-12-22,1,38.7,43,26.58,8,1,0.2
2025-12-23,0,28.9,66,21.68,8,1,0.31
2025-12-24,0,26.2,77,18.69,6,0,0.65
2025-12-25,1,31.1,44,23.01,2,0,4.0
2025-12-26,4,33.5,76,27.67,3,1,2.41
2025-12-27,0,37.8,33,25.0,5,1,0.85
2025-12-28,4,40.1,69,16.73,3,2,1.02
2025-12-29,1,27.5,88,26.45,7,2,0.46
2025-12-30,4,20.7,45,18.17,8,1,1.83
2025-12-31,2,27.1,57,23.3,4,1,2.44
2026-01-01,3,31.8,45,20.18,4,2,0.41
2026-01-02,0,23.3,33,20.69,8,2,0.06
2026-01-03,3,23.3,74,26.6,7,1,1.47
2026-01-04,4,32.4,55,15.76,4,0,1.24
2026-01-05,0,29.7,57,33.67,8,0,0.77
2026-01-06,4,30.2,61,11.07,4,1,1.55
2026-01-07,2,24.7,74,18.41,8,1,1.2
2026-01-08,1,28.4,31,24.22,6,2,0.43
2026-01-09,0,23.5,60,25.51,5,2,0.76
2026-01-10,2,36.2,32,21.4,5,0,0.84
2026-01-11,2,37.2,83,21.66,3,1,3.18
2026-01-12,0,17.1,37,24.46,7,2,4.86
2026-01-13,4,23.5,53,20.61,8,0,3.35
2026-01-14,2,19.5,44,30.36,2,0,1.91
2026-01-15,3,25.4,72,27.04,3,0,1.32
2026-01-16,2,29.4,60,27.24,3,2,1.75
2026-01-17,4,19.9,38,16.2,8,2,4.2
2026-01-18,4,23.5,68,21.52,8,1,0.43
2026-01-19,3,23.0,74,20.2,3,1,1.15
2026-01-20,2,31.5,31,15.97,3,0,1.75
2026-01-21,4,30.5,37,24.16,5,0,1.71
2026-01-22,0,24.9,36,18.77,2,2,0.44
2026-01-23,1,31.2,85,25.93,3,2,1.33
2026-01-24,1,26.2,73,15.58,5,1,2.38
2026-01-25,1,28.1,80,32.31,3,1,0.97
2026-01-26,2,41.7,68,16.62,4,1,2.36
2026-01-27,3,39.4,71,23.32,3,2,0.67
2026-01-28,4,20.9,86,26.75,8,0,4.19
2026-01-29,0,35.8,45,18.58,7,1,1.15
2026-01-30,0,35.7,64,27.11,7,1,1.36
2026-01-31,2,22.0,59,14.62,3,2,0.05
2026-02-01,1,35.7,39,30.71,6,1,0.28
2026-02-02,2,40.8,67,22.08,4,0,1.5
2026-02-03,3,22.1,47,18.42,2,2,0.82
2026-02-04,3,23.6,79,20.2,3,1,1.06
2026-02-05,4,37.1,34,26.85,2,1,0.1
2026-02-06,4,31.9,82,18.49,4,2,2.69
2026-02-07,3,33.9,58,17.5,3,2,2.3
2026-02-08,3,32.4,68,20.67,6,1,0.31
